"","key","value","oddOrEven","year"
"1",1,"12 Angry Men (1997) dir. William Friedkin12 Angry Men (1957) dir. Sidney Lumet","odd","1997"
"2",3,"13 (2010) dir. Géla Babluani","odd","2010"
"3",5,"13 Assassins (2011) dir. Takashi Miike","odd","2011"
"4",7,"The 13th Letter (1951) dir. Otto Preminger","odd","1951"
"5",9,"101 Dalmatians (1996) dir. Stephen Herek","odd","1996"
"6",11,"2001 Maniacs (2005) dir. Tim Sullivan","odd","2005"
"7",13,"3 Godfathers (1948) dir. John FordThree Godfathers (1936) dir. Richard Boleslawski","odd","1948"
"8",15,"3 Idiotas (2017) dir. Carlos Bolado","odd","2017"
"9",17,"3:10 to Yuma (2007) dir. James Mangold","odd","2007"
"10",19,"Nineteen Eighty-Four (1984) dir. Michael Radford","odd","1984"
"11",21,"A Southern Yankee (1948) dir. Edward Sedgwick","odd","1948"
"12",23,"Adventures of Don Juan (1948) dir. Vincent Sherman","odd","1948"
"13",25,"An Affair to Remember (1957) dir. Leo McCarey","odd","1957"
"14",27,"Against All Odds (1984) dir. Taylor Hackford","odd","1984"
"15",29,"Alfie (2004) dir. Charles Shyer","odd","2004"
"16",31,"Algiers (1938) dir. John Cromwell","odd","1938"
"17",33,"All Quiet on the Western Front (1979) dir. Delbert Mann","odd","1979"
"18",35,"Always (1989) dir. Steven Spielberg","odd","1989"
"19",37,"The Amityville Horror (2005) dir. Andrew Douglas","odd","2005"
"20",39,"And God Created Woman (1988) dir. Roger Vadim","odd","1988"
"21",41,"And Soon the Darkness (2010) dir. Marcos Efron","odd","2010"
"22",43,"Angels in the Outfield (1994) dir. William Dear","odd","1994"
"23",45,"Angel on My Shoulder (1980) dir. John Berry","odd","1980"
"24",47,"Annie (2014) dir. Will GluckAnnie (1999) dir. Rob Marshall","odd","2014"
"25",49,"Annavaram (2006) dir. Bhimaneni Srinivas Rao","odd","2006"
"26",51,"Another Fine Mess (1930) dir. James Parrott","odd","1930"
"27",53,"Another Part of the Forest (1972) dir. Daniel Mann","odd","1972"
"28",55,"Anthropophagous 2000 (1999) dir. Andreas Schnaas","odd","1999"
"29",57,"Applause (1973) dir. Ron Field & Bill Foster","odd","1973"
"30",59,"April Fool's Day (2008) dir. Mitchell Altieri & Phil Flores","odd","2008"
"31",61,"Apthamitra (2004) dir. P. VasuChandramukhi (2005) dir. P. VasuRajmohol (2005) dir. Swapan SahaBhool Bhulaiyaa (2008) dir. Priyadarshan","odd","2004"
"32",63,"Around the World in 80 Days (2004) dir. Frank CoraciAround the World in 80 Days (1956) dir. Michael Anderson","odd","2004"
"33",65,"The Arena (2001) dir. Timur Bekmambetov","odd","2001"
"34",67,"Arthur (2011) dir. Jason Winer","odd","2011"
"35",69,"Assault on Precinct 13 (2005) dir. Jean-François Richet","odd","2005"
"36",71,"Attack of the 50 Ft. Woman (1993) dir. Christopher Guest","odd","1993"
"37",73,"The Bachelor (1999) dir. Gary Sinyor","odd","1999"
"38",75,"Bachelor Mother (1939) dir. Garson Kanin","odd","1939"
"39",77,"Back Street (1961) dir. David MillerBack Street (1941) dir. Robert Stevenson","odd","1961"
"40",79,"Bad News Bears (2005) dir. Richard Linklater","odd","2005"
"41",81,"The Ballad of Narayama (1983) dir. Shohei Imamura","odd","1983"
"42",83,"The Bad Seed (1985) dir. Paul Wendkos","odd","1985"
"43",85,"Bangkok Dangerous (2008) dir. The Pang Brothers","odd","2008"
"44",87,"Barb Wire (1996) dir. David HoganA Night in Casablanca (1946) dir. Archie Mayo","odd","1996"
"45",89,"The Magnificent Seven (2016) dir. Antoine FuquaBattle Beyond the Stars (1980) dir. Jimmy T. MurakamiThe Magnificent Seven (1960) John Sturges","odd","2016"
"46",91,"The Battle of the Sexes (1928) dir. D. W. Griffith","odd","1928"
"47",93,"The Beat that My Heart Skipped (2005) dir. Jacques Audiard","odd","2005"
"48",95,"Beau Geste (1939) dir. William A. WellmanBeau Geste (1966) dir. Douglas HeyesThe Last Remake Of Beau Geste (1977) dir. Marty Feldman","odd","1939"
"49",97,"Beauty and the Beast (2017) dir. Bill Condon","odd","2017"
"50",99,"Bedazzled (2000) dir. Harold Ramis","odd","2000"
"51",101,"The Beguiled (2017) dir. Sofia Coppola","odd","2017"
"52",103,"Being Julia (2004) dir. István Szabó","odd","2004"
"53",105,"Ben-Hur (2016) dir. Timur BekmambetovBen-Hur (1959) dir. William Wyler","odd","2016"
"54",107,"Beongeoli Sam-ryong (1964) dir. Shin Sang-ok","odd","1964"
"55",109,"Between Two Worlds (1944) dir. Edward A. Blatt","odd","1944"
"56",111,"Between Us Girls (1942) dir. Henry Koster Frutto acerbo (1934) dir. Carlo Ludovico Bragaglia","odd","1942"
"57",113,"Beyond a Reasonable Doubt (2009) dir. Peter Hyams","odd","2009"
"58",115,"The Big Show (1961) dir. James B. ClarkBroken Lance (1954) dir. Edward Dmytryk","odd","1961"
"59",117,"The Big Stampede (1932) dir. Tenny Wright","odd","1932"
"60",119,"Billy Jack Goes to Washington (1977) dir. Tom LaughlinMr. Smith Goes to Washington (1939) dir. Frank Capra","odd","1977"
"61",121,"The Birdcage (1996) dir. Mike Nichols","odd","1996"
"62",123,"Black Caesar (1973) dir. Larry Cohen","odd","1973"
"63",125,"Black Christmas (2006) dir. Glen Morgan","odd","2006"
"64",127,"Blame it on Rio (1984) dir. Stanley Donen","odd","1984"
"65",129,"The Blob (1988) dir. Chuck Russell","odd","1988"
"66",131,"Blood Diner (1987) dir. Jackie Kong","odd","1987"
"67",133,"The Blue Angel (1959) dir. Edward Dmytryk","odd","1959"
"68",135,"The Blue Bird (1976) dir. George CukorThe Blue Bird (1940) dir. Walter Lang","odd","1976"
"69",137,"Bored of Education (1936) dir. Gordon Douglas","odd","1936"
"70",139,"Born Yesterday (1993) dir. Luis Mandoki","odd","1993"
"71",141,"Boudu (2005) dir. Gérard Jugnot","odd","2005"
"72",143,"The Boy Cried Murder (1966) dir. George P. Breakston","odd","1966"
"73",145,"Breathless (1983) dir. Jim McBride","odd","1983"
"74",147,"Brewster's Millions (1985) dir. Walter HillThree on a Spree (1961) Sidney J. Furie","odd","1985"
"75",149,"Bride Wars (2015) dir. Tony Chan","odd","2015"
"76",151,"Brian's Song (2001) dir. John Gray","odd","2001"
"77",153,"Brothers (2009) dir. Jim Sheridan","odd","2009"
"78",155,"A Bucket of Blood (1995) dir. Michael McDonald","odd","1995"
"79",157,"Buddy Buddy (1981) dir. Billy Wilder","odd","1981"
"80",159,"The Buccaneer (1958) dir. Anthony Quinn","odd","1958"
"81",161,"Bundle of Joy (1956) dir. Norman Taurog","odd","1956"
"82",163,"The Burmese Harp (1985) dir. Kon Ichikawa","odd","1985"
"83",165,"Cabin Fever (2016) dir. Travis Zariwny","odd","2016"
"84",167,"The Cabinet of Dr. Caligari (2005) dir. David Lee Fisher","odd","2005"
"85",169,"Cape Fear (1991) dir. Martin Scorsese","odd","1991"
"86",171,"The Captain (1971) dir. Kurt Hoffmann","odd","1971"
"87",173,"Carnival of Souls (1998) dir. Adam Grossman & Ian Kessner","odd","1998"
"88",175,"Carrie (2013) dir. Kimberly PeirceCarrie (2002) dir. David Carson","odd","2013"
"89",177,"The Cat and the Canary (1939) dir. Elliott NugentThe Cat Creeps (1930) dir. Rupert Julian","odd","1939"
"90",179,"Cat People (1982) dir. Paul Schrader","odd","1982"
"91",181,"Catch That Kid (2004) dir. Bart Freundlich","odd","2004"
"92",183,"Carousel (1956) dir. Henry KingLiliom (1934) dir. Fritz Lang","odd","1956"
"93",185,"The Champ (1979) dir. Franco Zeffirelli","odd","1979"
"94",187,"Cheaper by the Dozen (2003)","odd","2003"
"95",189,"Chickens Come Home (1931) dir. Hal Roach","odd","1931"
"96",191,"The Children's Hour (1961) dir. William Wyler","odd","1961"
"97",193,"A Christmas Carol (2009) dir. Robert ZemeckisA Christmas Carol (1999) dir. David JonesA Christmas Carol (1984) dir. Clive DonnerScrooge (1951) dir. Brian Desmond HurstA Christmas Carol (1938) dir. Edwin L. Marin","odd","2009"
"98",195,"Chloe (2009) dir. Atom Egoyan","odd","2009"
"99",197,"Cinderella (2015)","odd","2015"
"100",199,"City of Angels (1998) dir. Brad Silberling","odd","1998"
"101",201,"Clash of the Titans (2010) dir. Louis Leterrier","odd","2010"
"102",203,"Classmates (2007) dir. K. Vijaya Bhaskar","odd","2007"
"103",205,"Cloak & Dagger (1984) dir. Richard FranklinThe Boy Cried Murder (1966) dir. George P. Breakston","odd","1984"
"104",207,"Colorado Territory (1949) dir. Raoul Walsh","odd","1949"
"105",209,"The Computer Wore Tennis Shoes (1995) dir. Peyton Reed","odd","1995"
"106",211,"Confession (1937) dir. Joe May","odd","1937"
"107",213,"The Counter Jumper (1922) dir. Larry Semon","odd","1922"
"108",215,"Cousins (1989) dir. Joel Schumacher","odd","1989"
"109",217,"Crackers (1984) dir. Louis Malle","odd","1984"
"110",219,"The Crazies (2010) dir. Breck Eisner","odd","2010"
"111",221,"Crime School (1938) dir. Lewis Seiler","odd","1938"
"112",223,"Criminal (2004) dir. Gregory Jacobs","odd","2004"
"113",225,"D.O.A. (1988) dir. Annabel Jankel & Rocky Morton","odd","1988"
"114",227,"Dante's Inferno (1935) dir. Harry Lachman","odd","1935"
"115",229,"The Dark Mirror (1984) dir. Richard Lang","odd","1984"
"116",231,"Dark Victory (1976) dir. Robert ButlerStolen Hours (1963) dir. Daniel Petrie","odd","1976"
"117",233,"Dark Water (2005) dir. Walter Salles","odd","2005"
"118",235,"Dawn of the Dead (2004) dir. Zack Snyder","odd","2004"
"119",237,"The Dawn Patrol (1938) dir. Edmund Goulding","odd","1938"
"120",239,"Day of the Dead (2008) dir. Steve Miner","odd","2008"
"121",241,"The Day the Earth Stood Still (2008) dir. Scott Derrickson","odd","2008"
"122",243,"Dead of Winter (1987) dir. Arthur Penn","odd","1987"
"123",245,"Death at a Funeral (2010) dir. Neil LaBute","odd","2010"
"124",247,"Death Race (2008) dir. Paul W.S. Anderson","odd","2008"
"125",249,"Death Wish (2017) dir. Eli Roth","odd","2017"
"126",251,"The Debt (2011) dir. John Madden","odd","2011"
"127",253,"The Defiant Ones (1986) dir. David Lowell Rich","odd","1986"
"128",255,"The Departed (2006) dir. Martin Scorsese","odd","2006"
"129",257,"Desire (1936) dir. Frank Borzage","odd","1936"
"130",259,"Desperate Hours (1990) dir. Michael Cimino","odd","1990"
"131",261,"Destry (1954) dir. George MarshallDestry Rides Again (1939) dir. George Marshall","odd","1954"
"132",263,"Le Deuxième Souffle (2007) dir. Alain Corneau","odd","2007"
"133",265,"Diabolique (1996) dir. Jeremiah S. Chechik","odd","1996"
"134",267,"Diamond Horseshoe (1945) dir. George Seaton","odd","1945"
"135",269,"Die Rothschilds (1940) dir. Erich Waschneck","odd","1940"
"136",271,"Dirty Rotten Scoundrels (1988) dir. Frank Oz","odd","1988"
"137",273,"Dr. Jekyll and Mr. Hyde (1941) dir. Victor Fleming","odd","1941"
"138",275,"Dr. M (1990) dir. Claude Chabrol","odd","1990"
"139",277,"Billa (2009) dir. Meher RameshBilla (2007) dir. VishnuvardhanDon (2006) dir. Farhan AkhtarSobharaj (1986) dir. SasikumarBilla (1980) dir. R. KrishnamurthyYugandhar (1979) dir. K. S. R. Das","odd","2009"
"140",279,"A Dog of Flanders (1999) dir. Kevin Brodie","odd","1999"
"141",281,"Dorian Gray (2009) dir. Oliver Parker","odd","2009"
"142",283,"Down (2001) dir. Dick Maas","odd","2001"
"143",285,"Down and Out in Beverly Hills (1986) dir. Paul Mazursky","odd","1986"
"144",287,"Down to Earth (2001) dir. Chris Weitz & Paul WeitzHeaven Can Wait (1978) dir. Warren Beatty & Buck Henry","odd","2001"
"145",289,"Dreaming Lips (1937) dir. Paul Czinner","odd","1937"
"146",291,"Dumbo (2019) dir. Tim Burton","odd","2019"
"147",293,"The Echo (2008) dir. Yam Laranas","odd","2008"
"148",295,"EDtv (1999) dir. Ron Howard","odd","1999"
"149",297,"È già ieri (2004) dir. Giulio Manfredonia","odd","2004"
"150",299,"Ellam Avan Seyal (2008) dir. Shaji KailasSri Mahalakshmi (2007) dir. Vijayan","odd","2008"
"151",301,"Endless Love (2014) dir. Shana Feste","odd","2014"
"152",303,"Escapade (1935) dir. Robert Z. Leonard","odd","1935"
"153",305,"Evil Dead (2013) dir. Fede Alvarez","odd","2013"
"154",307,"The Eye (2008) dir. David Moreau & Xavier Palud","odd","2008"
"155",309,"Excursion to the Moon (1908) dir. Segundo de Chomón","odd","1908"
"156",311,"Exodus: Gods and Kings (2016) dir. Ridley ScottThe Ten Commandments (1956) dir. Cecil B. Demille","odd","2016"
"157",313,"The Experiment (2010) dir. Paul Scheuring","odd","2010"
"158",315,"Fame (2009) dir. Kevin Tancharoen","odd","2009"
"159",317,"Fatal Attraction (1987) dir. Adrian Lyne","odd","1987"
"160",319,"Father of the Bride (1991) dir. Charles Shyer","odd","1991"
"161",321,"Fathers' Day (1997) dir. Ivan Reitman","odd","1997"
"162",323,"FC Venus (2006) dir. Ute Wieland","odd","2006"
"163",325,"The Fiend Who Walked the West (1958) dir. Gordon Douglas","odd","1958"
"164",327,"The Firm (2009) dir. Nick Love","odd","2009"
"165",329,"A Fistful of Dollars/Per un pugno di dollari (1964) dir. Sergio Leone","odd","1964"
"166",331,"Los que volvieron (1948) dir. Alejandro GalindoBack from Eternity (1956) dir. John Farrow","odd","1948"
"167",333,"Flatliners (2017) dir. Niels Arden Oplev","odd","2017"
"168",335,"Fled (1996) dir. Kevin HooksThe Defiant Ones (1986) dir. David Lowell Rich","odd","1996"
"169",337,"Flight of the Phoenix (2004) dir. John Moore","odd","2004"
"170",339,"Flipper (1996) dir. Alan Shapiro","odd","1996"
"171",341,"Floating Weeds (1959) dir. Yasujirō Ozu","odd","1959"
"172",343,"Flubber (1997) dir. Les Mayfield","odd","1997"
"173",345,"The Fly (1986) dir. David Cronenberg","odd","1986"
"174",347,"The Fog (2005) dir. Rupert Wainwright","odd","2005"
"175",349,"Footloose (2011) dir. Craig Brewer","odd","2011"
"176",351,"Forbidden Fruit (1921) dir. Cecil B. DeMille","odd","1921"
"177",353,"Four Sons (1940) dir. Archie Mayo","odd","1940"
"178",355,"Freaky Friday (2003) dir. Mark WatersFreaky Friday (1995) dir. Melanie Mayron","odd","2003"
"179",357,"Free State of Jones (2016) dir. Gary Ross","odd","2016"
"180",359,"Friday the 13th (2009) dir. Marcus Nispel","odd","2009"
"181",361,"Fright Night (2011) dir. Craig Gillespie","odd","2011"
"182",363,"The Front Page (1974) dir. Billy Wilder","odd","1974"
"183",365,"Fun with Dick and Jane (2005) dir. Dean Parisot","odd","2005"
"184",367,"Funny Games (2008) dir. Michael Haneke","odd","2008"
"185",369,"Gaby (1956) dir. Curtis BernhardtWaterloo Bridge (1940) dir. Mervyn LeRoy","odd","1956"
"186",371,"Gambit (2012) dir. Michael Hoffman","odd","2012"
"187",373,"The Gambler (2014) dir. Rupert Wyatt","odd","2014"
"188",375,"Gaslight (1944) dir. George Cukor","odd","1944"
"189",377,"Get Carter (2000) dir. Stephen Kay","odd","2000"
"190",379,"The Girl Downstairs (1938) dir. Norman Taurog","odd","1938"
"191",381,"Gharshana (2004) dir. Gautham Menon","odd","2004"
"192",383,"Ghostbusters (2016) dir. Paul Feig","odd","2016"
"193",385,"Ghost Theater (2015) dir. Hideo Nakata","odd","2015"
"194",387,"Gloria (1999) dir. Sidney Lumet","odd","1999"
"195",389,"Godzilla (2014) dir. Gareth EdwardsGodzilla (1998) dir. Roland Emmerich","odd","2014"
"196",391,"Going in Style (2017) dir. Zach Braff","odd","2017"
"197",393,"Gone in 60 Seconds (2000) dir. Dominic Sena","odd","2000"
"198",395,"The Goodbye Girl (2004) dir. Richard Benjamin","odd","2004"
"199",397,"The Good Companions (1957) dir. J. Lee Thompson","odd","1957"
"200",399,"Good Morning (1959) dir. Yasujirō Ozu","odd","1959"
"201",401,"The Good Thief (2002) dir. Neil Jordan","odd","2002"
"202",403,"Gordon of Ghost City (1933) dir. Ray Taylor","odd","1933"
"203",405,"The Great Train Robbery (1904) dir. Siegmund Lubin","odd","1904"
"204",407,"The Grudge (2004) dir. Takashi Shimizu","odd","2004"
"205",409,"Guess Who (2005) dir. Kevin Rodney Sullivan","odd","2005"
"206",411,"Halloween (2007) dir. Rob Zombie","odd","2007"
"207",413,"The Hand (1981) dir. Oliver Stone","odd","1981"
"208",415,"Happy New Year (1987) dir. John G. Avildsen","odd","1987"
"209",417,"Hara-Kiri: Death of a Samurai (2011) dir. Takashi Miike","odd","2011"
"210",419,"The Hasty Heart (1983) dir. Martin M. Speer","odd","1983"
"211",421,"Haunted Gold (1932) dir. Mack V. Wright","odd","1932"
"212",423,"The Haunting (1999) dir. Jan de Bont","odd","1999"
"213",425,"Head Above Water (1996) dir. Jim Wilson","odd","1996"
"214",427,"The Heartbreak Kid (2007) dir. Bobby Farrelly & Peter Farrelly","odd","2007"
"215",429,"Heat (1995) dir. Michael Mann","odd","1995"
"216",431,"Her Majesty, Love (1931) dir. William Dieterle","odd","1931"
"217",433,"High Noon (2000) dir. Rod HardyOutland (1981) dir. Peter Hyams","odd","2000"
"218",435,"High Society (1956) dir. Charles Walters","odd","1956"
"219",437,"The Hills Have Eyes (2006) dir. Alexandre Aja","odd","2006"
"220",439,"The Hitcher (2007) dir. Dave Meyers","odd","2007"
"221",441,"Holiday (1938) dir. George Cukor","odd","1938"
"222",443,"Homeward Bound: The Incredible Journey (1993) dir. Duwayne Dunham","odd","1993"
"223",445,"Hoodman Blind (1923) dir. John Ford","odd","1923"
"224",447,"House on Haunted Hill (1999) dir. William Malone","odd","1999"
"225",449,"House of Wax (2005) dir. Jaume Collet-SerraHouse of Wax (1953) dir. André de Toth","odd","2005"
"226",451,"How to Make a Monster (2001) dir. George Huang","odd","2001"
"227",453,"Huckleberry Finn (1974) dir. J. Lee Thompson","odd","1974"
"228",455,"Hurricane (1979) dir. Jan Troell","odd","1979"
"229",457,"I Am Omega (2007) dir. Griff FurstI Am Legend (2007) dir. Francis LawrenceThe Omega Man (1971) dir. Boris Sagal","odd","2007"
"230",459,"I Died A Thousand Times (1955) dir. Stuart Heisler","odd","1955"
"231",461,"I Married a Monster (1998) dir. Nancy Malone","odd","1998"
"232",463,"I Saw What You Did (1988) dir. Fred Walton","odd","1988"
"233",465,"I Spit on Your Grave (2010) dir. Steven R. Monroe","odd","2010"
"234",467,"I Want to Live! (1983) dir. David Lowell Rich","odd","1983"
"235",469,"Ice Castles (2010) dir. Donald Wrye","odd","2010"
"236",471,"Ihr erstes Rendezvous (1955) dir. Axel von Ambesser","odd","1955"
"237",473,"In the Good Old Summertime (1949) dir. Robert Z. Leonard","odd","1949"
"238",475,"Indiscretion of an American Wife (1998) dir. George Kaczender","odd","1998"
"239",477,"The Initiation of Sarah (2006) dir. Stuart Gillard","odd","2006"
"240",479,"The In-Laws (2003) dir. Andrew Fleming","odd","2003"
"241",481,"Insomnia (2002) dir. Christopher Nolan","odd","2002"
"242",483,"Intersection (1994) dir. Mark Rydell","odd","1994"
"243",485,"Intermezzo (1939) dir. Gregory Ratoff","odd","1939"
"244",487,"Interview (2007) dir. Steve Buscemi","odd","2007"
"245",489,"Invaders from Mars (1986) dir. Tobe Hooper","odd","1986"
"246",491,"The Invasion (2007) dir. Oliver HirschbiegelBody Snatchers (1993) dir. Abel FerraraInvasion of the Body Snatchers (1978) dir. Philip Kaufman","odd","2007"
"247",493,"Irma la Douce (1972) dir. Paul Paviot","odd","1972"
"248",495,"Iron Maze (1991) dir. Hiroaki Yoshida","odd","1991"
"249",497,"The Italian Job (2003) dir. F. Gary Gray","odd","2003"
"250",499,"It! (1967) dir. Herbert J. LederThe Emperor and the Golem (1951) dir. Martin FričLe Golem (1936) dir. Julien Duvivier","odd","1967"
"251",501,"It's Alive (2009) dir. Josef Rusnak","odd","2009"
"252",503,"It's Great to Be Alive (1933) dir. Alfred L. Werker","odd","1933"
"253",505,"J'accuse (1938) dir. Abel Gance","odd","1938"
"254",507,"The Jackal (1997) dir. Michael Caton-Jones","odd","1997"
"255",509,"Jakob the Liar (1999) dir. Peter Kassovitz","odd","1999"
"256",511,"The Jazz Singer (1980) dir. Richard FleischerThe Jazz Singer (1952) dir. Michael Curtiz","odd","1980"
"257",513,"Jigoku (1999) dir. Teruo IshiiJigoku (1970) dir. Tatsumi Kumashiro","odd","1999"
"258",515,"Journey into Fear (1975) dir. Daniel Mann","odd","1975"
"259",517,"Rudyard Kipling's The Jungle Book (1994)The Jungle Book: Mowgli's Story (1998)The Jungle Book (2016) dir. Jon Favreau","odd","1994"
"260",519,"Jungle 2 Jungle (1997) dir. John Pasquin","odd","1997"
"261",521,"Juno and the Paycock (1980) dir. Roger Cheveley","odd","1980"
"262",523,"Just Visiting (2001) dir. Jean-Marie Poiré","odd","2001"
"263",525,"Nihon Chinbotsu (2006) dir. Shinji Higuchi","odd","2006"
"264",527,"The Karate Kid (2010) dir. Harald Zwart","odd","2010"
"265",529,"The Kid from Brooklyn (1946) dir. Norman Z. McLeod","odd","1946"
"266",531,"King Kong (2005) dir. Peter JacksonKing Kong (1976) dir. John Guillermin","odd","2005"
"267",533,"King Solomon's Mines (1950) dir. Compton Bennett & Andrew MartonKing Solomon's Mines (1985) dir. J. Lee ThompsonKing Solomon's Mines (2004) dir Steve Boyum","odd","1950"
"268",535,"A Kid in King Arthur's Court (1995) dir. Michael GottliebA Connecticut Yankee in King Arthur's Court (1949) dir. Tay GarnettA Connecticut Yankee (1931) dir David Butler","odd","1995"
"269",537,"A Kiss Before Dying (1991) dir. James Dearden","odd","1991"
"270",539,"Kiss Me Goodbye (1982) dir. Robert Mulligan","odd","1982"
"271",541,"Kiss of Death (1995) dir. Barbet SchroederThe Fiend Who Walked the West (1958) dir. Gordon Douglas","odd","1995"
"272",543,"Knock Knock (2015) dir. Eli Roth","odd","2015"
"273",545,"Korei (2000) dir Kiyoshi Kurosawa","odd","2000"
"274",547,"The Ladykillers (2004) dir. Coen brothers","odd","2004"
"275",549,"The Lady Vanishes (1979) dir. Anthony Page","odd","1979"
"276",551,"The Land That Time Forgot (2009) dir. C. Thomas Howell","odd","2009"
"277",553,"The Lake House (2006) dir. Alejandro Agresti","odd","2006"
"278",555,"Last Holiday (2006) dir. Wayne Wang","odd","2006"
"279",557,"The Last House on the Left (2009) dir. Dennis IliadisThe Last House on the Left (1972) dir. Wes Craven","odd","2009"
"280",559,"The Last Kiss (2006) dir. Tony Goldwyn","odd","2006"
"281",561,"Last Man Standing (1996) dir. Walter Hill","odd","1996"
"282",563,"The Last of Mrs. Cheyney (1937) dir. Richard Boleslawski and Dorothy Arzner","odd","1937"
"283",565,"Laughing Gravy (1931) dir. James W. Horne","odd","1931"
"284",567,"Let Me In (2010) dir. Matt Reeves","odd","2010"
"285",569,"Easy to Wed (1946) dir. Edward Buzzell","odd","1946"
"286",571,"Lifepod (1993) dir. Ron Silver","odd","1993"
"287",573,"The Little Foxes (1956) dir. George Schaefer","odd","1956"
"288",575,"Little Fugitive (2006) dir. Joanna Lipper","odd","2006"
"289",577,"Little Miss Marker (1980) dir. Walter BernsteinSorrowful Jones (1949) dir. Sidney Lanfield","odd","1980"
"290",579,"Little Shop of Horrors (1986) dir. Frank Oz","odd","1986"
"291",581,"The Lodger (1932) dir. Maurice ElveyThe Lodger (1944) dir. John BrahmMan in the Attic (1953) dir. Hugo FregoneseThe Lodger (2009) dir. David Ondaatje","odd","1932"
"292",583,"The Loft (2014) dir. Erik Van LooyLoft (2010) dir. Antoinette Beumer","odd","2014"
"293",585,"LOL (2012) dir. Lisa Azuelos","odd","2012"
"294",587,"The Longest Yard (2005) dir. Peter SegalMean Machine (2001) dir. Barry Skolnick","odd","2005"
"295",589,"Long Fliv the King (1926) dir. Leo McCarey","odd","1926"
"296",591,"The Long Hot Summer (1985) dir. Stuart Cooper","odd","1985"
"297",593,"The Long Night (1947) dir. Anatole Litvak","odd","1947"
"298",595,"Lost Horizon (1973) dir. Charles Jarrott","odd","1973"
"299",597,"The Lost Patrol (1934) dir. John Ford","odd","1934"
"300",599,"Love Affair (1994) dir. Glenn Gordon CaronAn Affair to Remember (1957) dir. Leo McCarey","odd","1994"
"301",601,"Love Don't Cost a Thing (2003) dir. Troy Beyer","odd","2003"
"302",603,"Lure of the Wilderness (1952) dir. Jean Negulesco","odd","1952"
"303",605,"M (1951) dir. Joseph Losey","odd","1951"
"304",607,"Mädchen in Uniform (1958) dir. Géza von Radványi","odd","1958"
"305",609,"The Magnificent Ambersons (2002) dir. Alfonso ArauThe Magnificent Ambersons (1942) dir. Orson Welles","odd","2002"
"306",611,"The Magnificent Seven (1960) dir. John Sturges","odd","1960"
"307",613,"Main Aisa Hi Hoon (2005) dir. Harry Baweja","odd","2005"
"308",615,"Major Payne (1995) dir. Nick Castle","odd","1995"
"309",617,"The Maltese Falcon (1941) dir. John HustonSatan Met a Lady (1936) dir. William Dieterle","odd","1941"
"310",619,"The Man They Could Not Hang (1939) dir. Nick Grinde","odd","1939"
"311",621,"The Man with One Red Shoe (1985) dir. Stan Dragoti","odd","1985"
"312",623,"The Man Without a Country (1937) dir. Crane Wilbur","odd","1937"
"313",625,"The Man Who Knew Too Much (1956) dir. Alfred Hitchcock","odd","1956"
"314",627,"The Man Who Loved Women (1983) dir. Blake Edwards","odd","1983"
"315",629,"The Manchurian Candidate (2004) dir. Jonathan Demme","odd","2004"
"316",631,"Bhool Bhulaiyaa (2007) dir. PriyadarshanRajmohol (2005) dir. Sapan SahaChandramukhi (2005) dir. P. VasuApthamitra (2004) dir. P. Vasu","odd","2007"
"317",633,"Marcelino Pan y Vino (1979, made-for-TV) dir. Mario O'HaraMarcellino (1991) dir. Luigi Comencini","odd","1991"
"318",635,"Le Mari rêvé (fr) (1936) dir. Roger Capellani","odd","1936"
"319",637,"Marilyn Hotchkiss' Ballroom Dancing and Charm School (2005) dir. Randall Miller","odd","2005"
"320",639,"Mark of the Vampire (1935) dir. Tod Browning","odd","1935"
"321",641,"Marked Men (1919) dir. John Ford","odd","1919"
"322",643,"Martyrs (2015) dir. Kevin and Michael Goetz","odd","2015"
"323",645,"The Mask of Fu Manchu (1932) dir. Charles Brabin","odd","1932"
"324",647,"Masquerade in Mexico (1945) dir. Mitchell Leisen","odd","1945"
"325",649,"The Mechanic (2011) dir. Simon West","odd","2011"
"326",651,"Meet Joe Black (1998) dir. Martin Brest","odd","1998"
"327",653,"Meet Me in St. Louis (1966) dir. Alan D. CourtneyMeet Me in St. Louis (1959) dir. George Schaefer","odd","1966"
"328",655,"Men Don't Leave (1990) dir. Paul Brickman","odd","1990"
"329",657,"Merry Christmas George Bailey (1997) dir. Matthew DiamondIt Happened One Christmas (1977) dir. Donald Wrye","odd","1997"
"330",659,"Messenger (1994) dir. Norman Loftis","odd","1994"
"331",661,"Mighty Joe Young (1998) dir. Ron Underwood","odd","1998"
"332",663,"Miracle on 34th Street (1994) dir. Les MayfieldMiracle on 34th Street (1973) dir. Fielder CookThe Miracle on 34th Street (1955) dir. Robert Stevenson","odd","1994"
"333",665,"The Miracle Man (1932) dir. Norman Z. McLeod","odd","1932"
"334",667,"The Mirror Has Two Faces (1996) dir. Barbra Streisand","odd","1996"
"335",669,"Mirrors (2008) dir. Alexandre AjaMirrors 2 (2010) dir. Víctor García","odd","2008"
"336",671,"20 Once Again (2015) dir. Leste Chen","odd","2015"
"337",673,"Missile to the Moon (1958) dir. Richard E. Cunha","odd","1958"
"338",675,"Mixed Nuts (1994) dir. Nora Ephron","odd","1994"
"339",677,"Mogambo (1953) dir. John Ford","odd","1953"
"340",679,"The Money Pit (1986) dir. Richard Benjamin","odd","1986"
"341",681,"The Monkey's Paw (1948) dir. Norman Lee","odd","1948"
"342",683,"The Monster and the Girl (1941) dir. Stuart Heisler","odd","1941"
"343",685,"Moon Over Parador (1988) dir. Paul Mazursky","odd","1988"
"344",687,"Mother's Day (2010) dir. Darren Lynn Bousman","odd","2010"
"345",689,"Move Over, Darling (1963) dir. Michael GordonSomething's Got to Give (unfinished) (1962) dir. George Cukor","odd","1963"
"346",691,"Mr. Deeds (2002) dir. Steven Brill","odd","2002"
"347",693,"The Mummy (1999) dir. Stephen Sommers","odd","1999"
"348",695,"Uppi Dada M.B.B.S. (2006) dir. D. Rajendra BabuShankar Dada MBBS (2004) dir. Jayanth C. ParanjeeVasool Raja MBBS (2006) dir. Saran","odd","2006"
"349",697,"My Bloody Valentine 3D (2009) dir. Patrick Lussier","odd","2009"
"350",699,"My Father the Hero (1994) dir. Steve Miner","odd","1994"
"351",701,"My Man Godfrey (1957) dir. Henry Koster","odd","1957"
"352",703,"My Fair Lady (1964) dir. George Cukor","odd","1964"
"353",705,"My Sassy Girl (2008) dir. Yann Samuell","odd","2008"
"354",707,"Naa Autograph (2004) dir. S. Gopal Reddy","odd","2004"
"355",709,"Naina (2005) dir. Shripal Morakhia","odd","2005"
"356",711,"Narrow Margin (1990) dir. Peter Hyams","odd","1990"
"357",713,"The Next Three Days (2010) dir. Paul Haggis","odd","2010"
"358",715,"Night and the City (1992) dir. Irwin Winkler","odd","1992"
"359",717,"Night Must Fall (1964) dir. Karel Reisz","odd","1964"
"360",719,"A Nightmare on Elm Street (2010) dir. Samuel Bayer","odd","2010"
"361",721,"Night of the Demons (2009) dir. Adam Gierasch","odd","2009"
"362",723,"Night of the Living Dead 3D (2006) dir. Jeff BroadstreetNight of the Living Dead (1990) dir. Tom Savini","odd","2006"
"363",725,"Nightwatch (1997) dir. Ole Bornedal","odd","1997"
"364",727,"Nine Months (1995) dir. Chris Columbus","odd","1995"
"365",729,"No Reservations (2007) dir. Scott Hicks","odd","2007"
"366",731,"Nosferatu (1979) dir. Werner Herzog","odd","1979"
"367",733,"No Way Out (1987) dir. Roger Donaldson","odd","1987"
"368",735,"Not of This Earth (1995) dir. Terence H. WinklessNot of This Earth (1988) dir. Jim Wynorski","odd","1995"
"369",737,"Notorious (1992) dir. Colin Bucksey","odd","1992"
"370",739,"Shambo Shiva Shambo (2010) dir. SamuthirakaniHudugaru (2011) dir. MaadeshIthu Nammude Katha (2011) dir. Rajesh KannankaraRun (2011) dir. Swapan SahaRangrezz (2013) dir. Priyadarshan","odd","2010"
"371",741,"Criminal (2004) dir. Gregory JacobsBluffmaster! (2005) dir. Rohan SippyGulumaal: The Escape (2009) dir. V. K. PrakashAll the Best (2012) dir. J. D. Chakravarthy","odd","2004"
"372",743,"The Nutty Professor (1996) dir. Tom Shadyac","odd","1996"
"373",745,"Ocean's Eleven (2001) dir. Steven Soderbergh","odd","2001"
"374",747,"Oh Jonathan – oh Jonathan! (de) (1973) dir. Franz Peter Wirth","odd","1973"
"375",749,"The Old Dark House (1963) dir. William Castle","odd","1963"
"376",751,"Oldboy (2013) dir. Spike Lee","odd","2013"
"377",753,"The Omega Man (1971) dir. Boris SagalI Am Legend (2007) dir. Francis LawrenceI Am Omega (2007) dir. Griff Furst","odd","1971"
"378",755,"The Omen (2006) dir. John Moore","odd","2006"
"379",757,"On the Beach (2000) dir. Russell Mulcahy","odd","2000"
"380",759,"One Million Years B.C. (1966) dir. Don Chaffey","odd","1966"
"381",761,"One Missed Call (2007) dir. Eric Valette","odd","2007"
"382",763,"The Opposite Sex (1956) dir. David Miller","odd","1956"
"383",765,"Orfeu (1999) dir. Carlos Diegues","odd","1999"
"384",767,"Orphans of the Storm (1921) dir. D. W. Griffith","odd","1921"
"385",769,"Oscar (1991) dir. John Landis","odd","1991"
"386",771,"The Out-of-Towners (1999) dir. Sam Weisman","odd","1999"
"387",773,"Outland (1981) dir. Peter Hyams","odd","1981"
"388",775,"The Outrage (1964) dir. Martin Ritt","odd","1964"
"389",777,"Outside the Law (1930) dir. Tod Browning","odd","1930"
"390",779,"Oxford Blues (1984) dir. Robert Boris","odd","1984"
"391",781,"Painting the Clouds with Sunshine (1951) dir. David Butler","odd","1951"
"392",783,"Paradise (1991) dir. Mary Agnes Donoghue","odd","1991"
"393",785,"The Parent Trap (1998) dir. Nancy Meyers","odd","1998"
"394",787,"Paris, When It Sizzles (1964) dir. Richard Quine","odd","1964"
"395",789,"Pathfinder (2006) dir. Marcus Nispel","odd","2006"
"396",791,"Peking Express (1951) dir. William Dieterle","odd","1951"
"397",793,"A Perfect Murder (1998) dir. Andrew Davis","odd","1998"
"398",795,"The Phantom Carriage (1958) dir. Arne Mattsson","odd","1958"
"399",797,"Phantom of the Opera (1943) dir. Arthur Lubin","odd","1943"
"400",799,"Picnic (2000) dir. Ivan PasserPicnic (1986) dir. Marshall W. Mason","odd","2000"
"401",801,"""Pimpernel"" Smith (1941) dir. Leslie Howard","odd","1941"
"402",803,"Piranha 3-D (2010) dir. Alexandre AjaPiranha (1995) dir. Scott P. Levy","odd","2010"
"403",805,"The Plainsman (1966) dir. David Lowell Rich","odd","1966"
"404",807,"Planet of the Apes (2001) dir. Tim Burton","odd","2001"
"405",809,"The Plank (1979) dir. Eric Sykes","odd","1979"
"406",811,"Pocketful of Miracles (1961) dir. Frank Capra","odd","1961"
"407",813,"Point Break (2015) dir. Ericson Core","odd","2015"
"408",815,"Point of No Return (1993) dir. John Badham","odd","1993"
"409",817,"Poltergeist (2015) dir. Gil Kenan","odd","2015"
"410",819,"Porki (2010) dir. M.D. SridharWanted (2009) dir. Prabhu DevaPokkiri (2007) dir. Prabhu Deva","odd","2010"
"411",821,"Poseidon (2006) dir. Wolfgang PetersenThe Poseidon Adventure (2005) dir. John Putch","odd","2006"
"412",823,"The Preacher's Wife (1996) dir. Penny Marshall","odd","1996"
"413",825,"Premonition (2007) dir. Mennan Yapo","odd","2007"
"414",827,"The Prisoner of Zenda (1979) dir. Richard QuineThe Prisoner of Zenda (1952) dir. Richard Thorpe","odd","1979"
"415",829,"The Producers (2005) dir. Susan Stroman","odd","2005"
"416",831,"Prom Night (2008) dir. Nelson McCormick","odd","2008"
"417",833,"Psycho (1998) dir. Gus Van Sant","odd","1998"
"418",835,"Pulse (2006) dir. Jim Sonzero","odd","2006"
"419",837,"Pure Luck (1991) dir. Nadia Tass","odd","1991"
"420",839,"Pusher (2010) dir. Assad Raja","odd","2010"
"421",841,"Quarantine (2008) dir. John Erick Dowdle","odd","2008"
"422",843,"The Racket (1951) dir. John Cromwell","odd","1951"
"423",845,"The Rainmaker (1982) dir. John FrankenheimerDer Regenmacher (1980) dir. Ludwig Cremer","odd","1982"
"424",847,"The Rains of Ranchipur (1955) dir. Jean Negulesco","odd","1955"
"425",849,"Ram Gopal Varma Ki Aag (2007) dir. Ram Gopal VarmaRamgarh Ke Sholay (1991) dir. Ajit Dewani","odd","2007"
"426",851,"Ransom (1996) dir. Ron Howard","odd","1996"
"427",853,"Rear Window (1998) dir. Jeff Bleckner","odd","1998"
"428",855,"Red Dawn (2012) dir. Dan Bradley","odd","2012"
"429",857,"Red Dragon (2002) dir. Brett Ratner","odd","2002"
"430",859,"The Red Rider (1934) dir. Lew Landers","odd","1934"
"431",861,"Reefer Madness (2005) dir. Andy Fickman","odd","2005"
"432",863,"Return to Paradise (1998) dir. Joseph Ruben","odd","1998"
"433",865,"Reptilian (1999) dir. Shim Hyung-rae","odd","1999"
"434",867,"Rich And Famous (1981) dir. George Cukor","odd","1981"
"435",869,"Ride Him, Cowboy (1932) dir. Fred Allen","odd","1932"
"436",871,"Riding High (1950) dir. Frank Capra","odd","1950"
"437",873,"The Ring (2002) dir. Gore Verbinski","odd","2002"
"438",875,"Rio Lobo (1970) dir. Howard Hawks","odd","1970"
"439",877,"Rio Rita (1942) dir. S. Sylvan Simon","odd","1942"
"440",879,"Robin Hood (2010) dir. Ridley ScottRobin Hood: Prince of Thieves (1991) dir. Kevin ReynoldsRobin Hood (1973) dir. Wolfgang ReithermanThe Story of Robin Hood and His Merrie Men (1952) dir. Ken AnnakinThe Adventures of Robin Hood (1938) dir. Michael Curtiz & William Keighley","odd","2010"
"441",881,"RoboCop (2014) dir. José Padilha","odd","2014"
"442",883,"Rock-A-Bye Baby (1958) dir. Frank Tashlin","odd","1958"
"443",885,"Rollerball (2002) dir. John McTiernan","odd","2002"
"444",887,"The Roman Spring of Mrs. Stone (2003) dir. Robert Allan Ackerman","odd","2003"
"445",889,"Runaway Daughters (1994) dir. Joe Dante","odd","1994"
"446",891,"Sabine und die hundert Männer (1960) dir. Wilhelm Thiele","odd","1960"
"447",893,"Sabrina (1995) dir. Sydney Pollack","odd","1995"
"448",895,"Sahara (1995) dir. Brian Trenchard-Smith","odd","1995"
"449",897,"Satan's School for Girls (2000) dir. Christopher Leitch","odd","2000"
"450",899,"Maybe It's Love (1940) dir. William A. WellmanMaybe It's Love (1935) dir. William McGann","odd","1940"
"451",901,"Scandal Maker (2016) dir. Ahn Byeong-ki","odd","2016"
"452",903,"Scared Stiff (1953) dir. George Marshall","odd","1953"
"453",905,"Scarface (1983) dir. Brian De Palma","odd","1983"
"454",907,"Scent of a Woman (1992) dir. Martin Brest","odd","1992"
"455",909,"School for Scoundrels (2006) dir. Todd Phillips","odd","2006"
"456",911,"The Secret (2007) dir. Vincent Perez","odd","2007"
"457",913,"Secret in Their Eyes (2015) dir. Billy Ray","odd","2015"
"458",915,"The Secret Life of Walter Mitty (2013) dir. Ben Stiller","odd","2013"
"459",917,"Secret of the Blue Room (1933) dir. Kurt Neumann","odd","1933"
"460",919,"Sengoku jietai 1549 (2005)","odd","2005"
"461",921,"Senso '45 (2002) dir. Tinto Brass","odd","2002"
"462",923,"Seventh Heaven (1937) dir. Henry King","odd","1937"
"463",925,"Shadow of a Doubt (1991) dir. Karen ArthurStrange Homecoming (1974) dir. Lee H. Katzin[1]","odd","1991"
"464",927,"The Shaggy Dog (2006) dir. Brian RobbinsThe Shaggy Dog (1994) dir. Dennis Dugan","odd","2006"
"465",929,"Shake, Rattle and Rock! (1994) dir. Allan Arkush","odd","1994"
"466",931,"The Shakiest Gun in the West (1968) dir. Alan Rafkin","odd","1968"
"467",933,"Shall We Dance (2004) dir. Peter Chelsom","odd","2004"
"468",935,"Shankar Dada MBBS (2004) dir. Jayanth C. Paranjee","odd","2004"
"469",937,"Shankar Dada Zindabad (2007) dir. Prabhu Deva","odd","2007"
"470",939,"Shiva (2006) dir. Ram Gopal VarmaShiva (1990) dir. Ram Gopal Varma","odd","2006"
"471",941,"The Shopworn Angel (1938) dir. H.C. Potter","odd","1938"
"472",943,"Shortcut to Happiness (2003) dir. Alec Baldwin","odd","2003"
"473",945,"Show Boat (1951) dir. George SidneyShow Boat (1936) dir. James Whale","odd","1951"
"474",947,"Sideways (2009) dir. Cellin Gluck","odd","2009"
"475",949,"Silk Stockings (1957) dir. Rouben Mamoulian","odd","1957"
"476",951,"The Sign of the Cross (1932) dir. Cecil B. DeMille","odd","1932"
"477",953,"Sleepy Hollow (1999) dir. Tim BurtonThe Legend of Sleepy Hollow (1980) dir. Henning SchellerupThe Adventures of Ichabod and Mr. Toad (1949) dir. Clyde Geronimi","odd","1999"
"478",955,"Society Lawyer (1939) dir. Edwin L. Marin","odd","1939"
"479",957,"Solaris (2002) dir. Steven SoderberghSolaris (1972) dir. Andrei Tarkovsky","odd","2002"
"480",959,"Solstice (2008) dir. Daniel Myrick","odd","2008"
"481",961,"Something's Got to Give (unfinished) (1962) dir. George Cukor","odd","1962"
"482",963,"Somewhere in Sonora (1933) dir. Mack V. Wright","odd","1933"
"483",965,"A Song Is Born (1948) dir. Howard Hawks","odd","1948"
"484",967,"Sorcerer (1977) dir. William Friedkin","odd","1977"
"485",969,"Sorority Row (2009) dir. Stewart Hendler","odd","2009"
"486",971,"Sorrell and Son (1934) dir. Jack Raymond","odd","1934"
"487",973,"Sorrowful Jones (1949) dir. Sidney Lanfield","odd","1949"
"488",975,"Sparkle (2012) dir. Salim Akil","odd","2012"
"489",977,"Spring Parade (1940) dir. Henry Koster","odd","1940"
"490",979,"Springtime in a Small Town (2002) dir. Tian Zhuangzhuang","odd","2002"
"491",981,"The Squaw Man (1931) dir. Cecil B. DeMilleThe Squaw Man (1918) dir. Cecil B. DeMille","odd","1931"
"492",983,"Stage Struck (1958) dir. Sidney Lumet","odd","1958"
"493",985,"Stagecoach (1986) dir. Ted PostStagecoach (1966) dir. Gordon Douglas","odd","1986"
"494",987,"A Star Is Born (2018) dir. Bradley CooperA Star Is Born (1976) dir. Frank R. PiersonA Star Is Born (1954) dir. George Cukor","odd","2018"
"495",989,"State Fair (1962) dir. José FerrerState Fair (1945) dir. Walter Lang","odd","1962"
"496",991,"The Stepfather (2009) dir. Nelson McCormick","odd","2009"
"497",993,"The Stepford Wives (2004) dir. Frank Oz","odd","2004"
"498",995,"Stolen Hours (1963) dir. Daniel Petrie","odd","1963"
"499",997,"Straw Dogs (2011) dir. Rod Lurie","odd","2011"
"500",999,"The Student of Prague (1935) dir. Arthur RobisonThe Student of Prague (1926) dir. Henrik Galeen","odd","1935"
"501",1001,"The Sunshine Boys (1996) dir. John Erman","odd","1996"
"502",1003,"Sunset Boulevard (1956) dir. Tad Danielewski","odd","1956"
"503",1005,"Suspicion (1987) dir. Andrew Grieve","odd","1987"
"504",1007,"The Swan (1956) dir. Charles VidorOne Romantic Night (1930) dir. Paul Stein","odd","1956"
"505",1009,"Sweet 20 (2015) dir. Phan Gia Nhat Linh","odd","2015"
"506",1011,"Sweet November (2001) dir. Pat O'Connor","odd","2001"
"507",1013,"Swept Away (2002) dir. Guy Ritchie","odd","2002"
"508",1015,"Swiss Family Robinson (1960) dir. Ken Annakin","odd","1960"
"509",1017,"Switching Channels (1988) dir. Ted KotcheffThe Front Page (1974) dir. Billy WilderHis Girl Friday (1940) dir. Howard Hawks","odd","1988"
"510",1019,"Tagore (2003) dir. V.V. Vinayak","odd","2003"
"511",1021,"The Taking of Pelham 1 2 3 (2009) dir. Tony ScottThe Taking of Pelham One Two Three (1998) dir. Félix Enríquez Alcala","odd","2009"
"512",1023,"Tarzan, the Ape Man (1959) dir. Joseph M. Newman","odd","1959"
"513",1025,"Taxi (2004) dir. Tim Story","odd","2004"
"514",1027,"The Bounty (1984) dir. Roger DonaldsonMutiny on the Bounty (1962) dir. Lewis MilestoneMutiny on the Bounty (1935) dir. Frank Lloyd","odd","1984"
"515",1029,"The Texas Chainsaw Massacre (2003) dir. Marcus Nispel","odd","2003"
"516",1031,"That Darn Cat (1997) dir. Bob Spiers","odd","1997"
"517",1033,"They Made Me a Criminal (1939) dir. Busby Berkeley","odd","1939"
"518",1035,"The Thief of Baghdad (1978) dir. Clive DonnerThe Thief of Bagdad (1940) dir. Ludwig Berger and Michael Powell","odd","1978"
"519",1037,"Yamato Takeru (1994) dir. Takao Okawara","odd","1994"
"520",1039,"The Thing (1982) dir. John Carpenter","odd","1982"
"521",1041,"The Thirteenth Floor (1999) dir. Josef Rusnak","odd","1999"
"522",1043,"Thir13en Ghosts (2001) dir. Steve Beck","odd","2001"
"523",1045,"The 39 Steps (2008) dir. James HawesThe Thirty Nine Steps (1978) dir. Don SharpThe 39 Steps (1959) dir. Ralph Thomas","odd","2008"
"524",1047,"The Thomas Crown Affair (1999) dir. John McTiernan","odd","1999"
"525",1049,"Three Fugitives (1989) dir. Francis Veber","odd","1989"
"526",1051,"The Three Musketeers (2011) dir. Paul W. S. AndersonThe Three Musketeers (1993) dir. Stephen HerekThe Three Musketeers (1973) dir. Richard LesterThe Three Musketeers (1948) dir. George SidneyThe Three Musketeers (1935) dir. Rowland V. Lee","odd","2011"
"527",1053,"The Time Machine (2002) dir. Simon Wells","odd","2002"
"528",1055,"To Be Or Not To Be (1983) dir. Alan Johnson","odd","1983"
"529",1057,"To Have and to Hold (1922) dir. Jesse L. Lasky","odd","1922"
"530",1059,"Tol'able David (1930) dir. John G. Blystone","odd","1930"
"531",1061,"Too Good to Be True (1988) dir. Christian I. Nyby, II","odd","1988"
"532",1063,"Toolbox Murders (2004) dir. Tobe Hooper","odd","2004"
"533",1065,"Tortilla Soup (2001) dir. María Ripoll","odd","2001"
"534",1067,"Total Recall (2012) dir. Len Wiseman","odd","2012"
"535",1069,"The Tourist (2010) dir. Florian Henckel von Donnersmarck","odd","2010"
"536",1071,"Tower of London (1962) dir. Roger Corman","odd","1962"
"537",1073,"The Town That Dreaded Sundown (2014) dir. Alfonso Gomez-Rejon","odd","2014"
"538",1075,"The Toy (1982) dir. Richard Donner","odd","1982"
"539",1077,"Trader Horn (1973) dir. Reza Badiyi","odd","1973"
"540",1079,"True Lies (1994) dir. James Cameron","odd","1994"
"541",1081,"The Truth About Charlie (2002) dir. Jonathan Demme","odd","2002"
"542",1083,"Two Much (1996) dir. Fernando Trueba","odd","1996"
"543",1085,"Unfaithful (2002) dir. Adrian Lyne","odd","2002"
"544",1087,"Unfaithfully Yours (1984) dir. Howard Zieff","odd","1984"
"545",1089,"Under Suspicion (2000) dir. Stephen Hopkins","odd","2000"
"546",1091,"The Underneath (1995) dir. Steven Soderbergh","odd","1995"
"547",1093,"The Unholy Three (1930) dir. Jack Conway","odd","1930"
"548",1095,"The Unknown Soldier (1985) dir. Rauni Mollberg","odd","1985"
"549",1097,"Van Gogh (1948) dir. Alain Resnais","odd","1948"
"550",1099,"Vanilla Sky (2001) dir. Cameron Crowe","odd","2001"
"551",1101,"The Vanishing (1993) dir. George Sluizer","odd","1993"
"552",1103,"Vanishing Point (1997) dir. Charles Robert Carner","odd","1997"
"553",1105,"Västkustens hjältar (1940) dir. Lau Lauritzen, Jr. & Alice O'Fredericks","odd","1940"
"554",1107,"Vicki (1953) dir. Harry Horner","odd","1953"
"555",1109,"Victor/Victoria (1982) dir. Blake EdwardsVictor and Victoria (1957) dir. Karl AntonFirst a Girl (1935) dir. Victor Saville","odd","1982"
"556",1111,"Village of the Damned (1995) dir. John Carpenter","odd","1995"
"557",1113,"Walk Don't Run (1966) dir. Charles Walters","odd","1966"
"558",1115,"A Walk in the Clouds (1995) dir. Alfonso Arau","odd","1995"
"559",1117,"Walking Tall (2004) dir. Kevin Bray","odd","2004"
"560",1119,"Waterloo Bridge (1940) dir. Mervyn LeRoy","odd","1940"
"561",1121,"War of the Worlds (2005) dir. Steven Spielberg","odd","2005"
"562",1123,"The Way of All Flesh (1940) dir. Louis King","odd","1940"
"563",1125,"Web of the Spider (1971) dir. Antonio Margheriti","odd","1971"
"564",1127,"We Are Family (2010) dir. Siddharth Malhotra","odd","2010"
"565",1129,"Welcome to Collinwood (2002) dir. Anthony Russo & Joe RussoCrackers (1984) dir. Louis Malle","odd","2002"
"566",1131,"We're No Angels (1989) dir. Neil Jordan","odd","1989"
"567",1133,"What a Girl Wants (2003) dir. Dennie Gordon","odd","2003"
"568",1135,"What Ever Happened to Baby Jane? (1991) dir. David Greene","odd","1991"
"569",1137,"What Women Want (2011) dir. Chen Daming","odd","2011"
"570",1139,"When a Stranger Calls (2006) dir. Simon West","odd","2006"
"571",1141,"Where the Boys Are '84 (1984) dir. Hy Averback","odd","1984"
"572",1143,"The Wicked Lady (1983) dir. Michael Winner","odd","1983"
"573",1145,"The Wicker Man (2006) dir. Neil LaBute","odd","2006"
"574",1147,"Wicker Park (2004) dir. Paul McGuigan","odd","2004"
"575",1149,"Willard (2003) dir. Glen Morgan","odd","2003"
"576",1151,"The Witness (2015) dir. Ahn Sang-hoon","odd","2015"
"577",1153,"The Wizard of Gore (2007) dir. Jeremy Kasten","odd","2007"
"578",1155,"The Wolfman (2010) dir. Joe Johnston","odd","2010"
"579",1157,"The Woman in Black (2012) dir. James Watkins","odd","2012"
"580",1159,"The Woman in Red (1984) dir. Gene Wilder","odd","1984"
"581",1161,"The Women (2008) dir. Diane EnglishThe Opposite Sex (1956) dir. David Miller","odd","2008"
"582",1163,"The Wool Cap (2004) dir. Steven Schachter","odd","2004"
"583",1165,"The Yellow Handkerchief (2010) dir. Udayan Prasad","odd","2010"
"584",1167,"Yogi (2007) dir. V.V. Vinayak","odd","2007"
"585",1169,"You Can't Run Away from It (1956) dir. Dick PowellEve Knew Her Apples (1945) dir. Will Jason","odd","1956"
"586",1171,"Young Frankenstein (1974) dir. Mel Brooks","odd","1974"
"587",1173,"Yours, Mine and Ours (2005) dir. Raja Gosnell","odd","2005"
"588",1175,"You're Never Too Young (1955) dir. Norman Taurog","odd","1955"
"589",1177,"You've Got Mail (1998) dir. Nora EphronPillow Talk (1959) dir. Michael GordonIn the Good Old Summertime (1949) dir. Robert Z. Leonard","odd","1998"
